vid_id,vid_channel_id,vid_deets,vid_response,title,publishedAt
_742Y0xhC0g,UC2IE2CK5Cw_26wVv3hPbAgQ,"{'kind': 'youtube#videoListResponse', 'etag': 't6RNrs3SxmHT1EWV17jbz-S10KY', 'items': [{'kind': 'youtube#video', 'etag': 'IfUP2KNJAP-qzC97avDqHBIMLo4', 'id': '_742Y0xhC0g', 'snippet': {'publishedAt': '2023-02-07T16:43:25Z', 'channelId': 'UC2IE2CK5Cw_26wVv3hPbAgQ', 'title': 'why just espresso?', 'description': 'This explains ""the point"" of our channel.  To help people find the personal selection of espresso they look forward to having in the morning.', 'thumbnails': {'default': {'url': 'https://i.ytimg.com/vi/_742Y0xhC0g/default.jpg', 'width': 120, 'height': 90}, 'medium': {'url': 'https://i.ytimg.com/vi/_742Y0xhC0g/mqdefault.jpg', 'width': 320, 'height': 180}, 'high': {'url': 'https://i.ytimg.com/vi/_742Y0xhC0g/hqdefault.jpg', 'width': 480, 'height': 360}, 'standard': {'url': 'https://i.ytimg.com/vi/_742Y0xhC0g/sddefault.jpg', 'width': 640, 'height': 480}, 'maxres': {'url': 'https://i.ytimg.com/vi/_742Y0xhC0g/maxresdefault.jpg', 'width': 1280, 'height': 720}}, 'channelTitle': 'David Ramsey', 'categoryId': '26', 'liveBroadcastContent': 'none', 'localized': {'title': 'why just espresso?', 'description': 'This explains ""the point"" of our channel.  To help people find the personal selection of espresso they look forward to having in the morning.'}}, 'contentDetails': {'duration': 'PT24S', 'dimension': '2d', 'definition': 'hd', 'caption': 'false', 'licensedContent': False, 'contentRating': {}, 'projection': 'rectangular'}, 'statistics': {'viewCount': '1', 'likeCount': '0', 'favoriteCount': '0', 'commentCount': '0'}}], 'pageInfo': {'totalResults': 1, 'resultsPerPage': 1}}","{'kind': 'youtube#searchResult', 'etag': 'An5b7sZOEC9dnZ9pOZWVrM-4qkI', 'id': {'kind': 'youtube#video', 'videoId': '_742Y0xhC0g'}, 'snippet': {'publishedAt': '2023-02-07T16:43:25Z', 'channelId': 'UC2IE2CK5Cw_26wVv3hPbAgQ', 'title': 'why just espresso?', 'description': 'This explains ""the point"" of our channel. To help people find the personal selection of espresso they look forward to having in the ...', 'thumbnails': {'default': {'url': 'https://i.ytimg.com/vi/_742Y0xhC0g/default.jpg', 'width': 120, 'height': 90}, 'medium': {'url': 'https://i.ytimg.com/vi/_742Y0xhC0g/mqdefault.jpg', 'width': 320, 'height': 180}, 'high': {'url': 'https://i.ytimg.com/vi/_742Y0xhC0g/hqdefault.jpg', 'width': 480, 'height': 360}}, 'channelTitle': 'David Ramsey', 'liveBroadcastContent': 'none', 'publishTime': '2023-02-07T16:43:25Z'}}",why just espresso?,2023-02-07T16:43:25Z
IbwCRWah_aU,UC2IE2CK5Cw_26wVv3hPbAgQ,"{'kind': 'youtube#videoListResponse', 'etag': '7RJezxlaYQp9yCSvqtbyELxSkyo', 'items': [{'kind': 'youtube#video', 'etag': 'mnUD6rTVDbm78j9pDc2lDPQ5FmY', 'id': 'IbwCRWah_aU', 'snippet': {'publishedAt': '2023-01-06T20:05:33Z', 'channelId': 'UC2IE2CK5Cw_26wVv3hPbAgQ', 'title': 'Auto-Label Biomedical Terms with BioBert/BERN Api', 'description': 'click here to learn more:\n\nhttps://www.daveramseymusic.com/post/auto-label-biomedical-terms-with-biobert-bern-api\n\nUse my code to send comments from a video to BERN and then use Zeo-Shot-Classification to analyize how much different topics are referenced in the whole collection of comments.', 'thumbnails': {'default': {'url': 'https://i.ytimg.com/vi/IbwCRWah_aU/default.jpg', 'width': 120, 'height': 90}, 'medium': {'url': 'https://i.ytimg.com/vi/IbwCRWah_aU/mqdefault.jpg', 'width': 320, 'height': 180}, 'high': {'url': 'https://i.ytimg.com/vi/IbwCRWah_aU/hqdefault.jpg', 'width': 480, 'height': 360}, 'standard': {'url': 'https://i.ytimg.com/vi/IbwCRWah_aU/sddefault.jpg', 'width': 640, 'height': 480}, 'maxres': {'url': 'https://i.ytimg.com/vi/IbwCRWah_aU/maxresdefault.jpg', 'width': 1280, 'height': 720}}, 'channelTitle': 'David Ramsey', 'categoryId': '28', 'liveBroadcastContent': 'none', 'localized': {'title': 'Auto-Label Biomedical Terms with BioBert/BERN Api', 'description': 'click here to learn more:\n\nhttps://www.daveramseymusic.com/post/auto-label-biomedical-terms-with-biobert-bern-api\n\nUse my code to send comments from a video to BERN and then use Zeo-Shot-Classification to analyize how much different topics are referenced in the whole collection of comments.'}}, 'contentDetails': {'duration': 'PT2M47S', 'dimension': '2d', 'definition': 'hd', 'caption': 'false', 'licensedContent': False, 'contentRating': {}, 'projection': 'rectangular'}, 'statistics': {'viewCount': '13', 'likeCount': '1', 'favoriteCount': '0', 'commentCount': '0'}}], 'pageInfo': {'totalResults': 1, 'resultsPerPage': 1}}","{'kind': 'youtube#searchResult', 'etag': 'ISze1r4KFSdhJ4En-BYD1Qcd8s8', 'id': {'kind': 'youtube#video', 'videoId': 'IbwCRWah_aU'}, 'snippet': {'publishedAt': '2023-01-06T20:05:33Z', 'channelId': 'UC2IE2CK5Cw_26wVv3hPbAgQ', 'title': 'Auto-Label Biomedical Terms with BioBert/BERN Api', 'description': 'click here to learn more: https://www.daveramseymusic.com/post/auto-label-biomedical-terms-with-biobert-bern-api Use my code ...', 'thumbnails': {'default': {'url': 'https://i.ytimg.com/vi/IbwCRWah_aU/default.jpg', 'width': 120, 'height': 90}, 'medium': {'url': 'https://i.ytimg.com/vi/IbwCRWah_aU/mqdefault.jpg', 'width': 320, 'height': 180}, 'high': {'url': 'https://i.ytimg.com/vi/IbwCRWah_aU/hqdefault.jpg', 'width': 480, 'height': 360}}, 'channelTitle': 'David Ramsey', 'liveBroadcastContent': 'none', 'publishTime': '2023-01-06T20:05:33Z'}}",Auto-Label Biomedical Terms with BioBert/BERN Api,2023-01-06T20:05:33Z
k4ujopBcY8M,UC2IE2CK5Cw_26wVv3hPbAgQ,"{'kind': 'youtube#videoListResponse', 'etag': 'ee93xFcqinpllmzNSRKZO5LECK4', 'items': [{'kind': 'youtube#video', 'etag': 't0c4OO8BJXYSZa89VgEN0EDI-0Q', 'id': 'k4ujopBcY8M', 'snippet': {'publishedAt': '2022-08-18T15:04:37Z', 'channelId': 'UC2IE2CK5Cw_26wVv3hPbAgQ', 'title': 'Decent Espresso Machine Youtube Competition by Subscriber/Commenter Analysis', 'description': 'Decent Espresso Machine Youtube Competition by Subscriber/Commenter Analysis', 'thumbnails': {'default': {'url': 'https://i.ytimg.com/vi/k4ujopBcY8M/default.jpg', 'width': 120, 'height': 90}, 'medium': {'url': 'https://i.ytimg.com/vi/k4ujopBcY8M/mqdefault.jpg', 'width': 320, 'height': 180}, 'high': {'url': 'https://i.ytimg.com/vi/k4ujopBcY8M/hqdefault.jpg', 'width': 480, 'height': 360}, 'standard': {'url': 'https://i.ytimg.com/vi/k4ujopBcY8M/sddefault.jpg', 'width': 640, 'height': 480}, 'maxres': {'url': 'https://i.ytimg.com/vi/k4ujopBcY8M/maxresdefault.jpg', 'width': 1280, 'height': 720}}, 'channelTitle': 'David Ramsey', 'categoryId': '28', 'liveBroadcastContent': 'none', 'localized': {'title': 'Decent Espresso Machine Youtube Competition by Subscriber/Commenter Analysis', 'description': 'Decent Espresso Machine Youtube Competition by Subscriber/Commenter Analysis'}}, 'contentDetails': {'duration': 'PT3M2S', 'dimension': '2d', 'definition': 'hd', 'caption': 'false', 'licensedContent': False, 'contentRating': {}, 'projection': 'rectangular'}, 'statistics': {'viewCount': '29', 'likeCount': '0', 'favoriteCount': '0', 'commentCount': '0'}}], 'pageInfo': {'totalResults': 1, 'resultsPerPage': 1}}","{'kind': 'youtube#searchResult', 'etag': 'k9ldhM1se4_XWhKdT_8XtPJPzfo', 'id': {'kind': 'youtube#video', 'videoId': 'k4ujopBcY8M'}, 'snippet': {'publishedAt': '2022-08-18T15:04:37Z', 'channelId': 'UC2IE2CK5Cw_26wVv3hPbAgQ', 'title': 'Decent Espresso Machine Youtube Competition by Subscriber/Commenter Analysis', 'description': 'Decent Espresso Machine Youtube Competition by Subscriber/Commenter Analysis.', 'thumbnails': {'default': {'url': 'https://i.ytimg.com/vi/k4ujopBcY8M/default.jpg', 'width': 120, 'height': 90}, 'medium': {'url': 'https://i.ytimg.com/vi/k4ujopBcY8M/mqdefault.jpg', 'width': 320, 'height': 180}, 'high': {'url': 'https://i.ytimg.com/vi/k4ujopBcY8M/hqdefault.jpg', 'width': 480, 'height': 360}}, 'channelTitle': 'David Ramsey', 'liveBroadcastContent': 'none', 'publishTime': '2022-08-18T15:04:37Z'}}",Decent Espresso Machine Youtube Competition by Subscriber/Commenter Analysis,2022-08-18T15:04:37Z
pHzUo_SJ6Yw,UC2IE2CK5Cw_26wVv3hPbAgQ,"{'kind': 'youtube#videoListResponse', 'etag': 'xInwyeep58hnkxJYDGn3AVcU_zY', 'items': [{'kind': 'youtube#video', 'etag': 'yWNnZqyMLeaO5KGcQvINSfwopGE', 'id': 'pHzUo_SJ6Yw', 'snippet': {'publishedAt': '2022-06-21T00:44:12Z', 'channelId': 'UC2IE2CK5Cw_26wVv3hPbAgQ', 'title': 'Decent Espresso Machines Random Forest ML YouTube Recommendations Pt 1', 'description': 'Decent Espresso Machines Random Forest ML YouTube Recommendations Pt 1', 'thumbnails': {'default': {'url': 'https://i.ytimg.com/vi/pHzUo_SJ6Yw/default.jpg', 'width': 120, 'height': 90}, 'medium': {'url': 'https://i.ytimg.com/vi/pHzUo_SJ6Yw/mqdefault.jpg', 'width': 320, 'height': 180}, 'high': {'url': 'https://i.ytimg.com/vi/pHzUo_SJ6Yw/hqdefault.jpg', 'width': 480, 'height': 360}, 'standard': {'url': 'https://i.ytimg.com/vi/pHzUo_SJ6Yw/sddefault.jpg', 'width': 640, 'height': 480}, 'maxres': {'url': 'https://i.ytimg.com/vi/pHzUo_SJ6Yw/maxresdefault.jpg', 'width': 1280, 'height': 720}}, 'channelTitle': 'David Ramsey', 'categoryId': '28', 'liveBroadcastContent': 'none', 'localized': {'title': 'Decent Espresso Machines Random Forest ML YouTube Recommendations Pt 1', 'description': 'Decent Espresso Machines Random Forest ML YouTube Recommendations Pt 1'}}, 'contentDetails': {'duration': 'PT3M15S', 'dimension': '2d', 'definition': 'hd', 'caption': 'false', 'licensedContent': False, 'contentRating': {}, 'projection': 'rectangular'}, 'statistics': {'viewCount': '40', 'likeCount': '0', 'favoriteCount': '0', 'commentCount': '0'}}], 'pageInfo': {'totalResults': 1, 'resultsPerPage': 1}}","{'kind': 'youtube#searchResult', 'etag': 'HIFiH3Z6-nmaJnUgYHTfxMa9yzo', 'id': {'kind': 'youtube#video', 'videoId': 'pHzUo_SJ6Yw'}, 'snippet': {'publishedAt': '2022-06-21T00:44:12Z', 'channelId': 'UC2IE2CK5Cw_26wVv3hPbAgQ', 'title': 'Decent Espresso Machines Random Forest ML YouTube Recommendations Pt 1', 'description': 'Decent Espresso Machines Random Forest ML YouTube Recommendations Pt 1.', 'thumbnails': {'default': {'url': 'https://i.ytimg.com/vi/pHzUo_SJ6Yw/default.jpg', 'width': 120, 'height': 90}, 'medium': {'url': 'https://i.ytimg.com/vi/pHzUo_SJ6Yw/mqdefault.jpg', 'width': 320, 'height': 180}, 'high': {'url': 'https://i.ytimg.com/vi/pHzUo_SJ6Yw/hqdefault.jpg', 'width': 480, 'height': 360}}, 'channelTitle': 'David Ramsey', 'liveBroadcastContent': 'none', 'publishTime': '2022-06-21T00:44:12Z'}}",Decent Espresso Machines Random Forest ML YouTube Recommendations Pt 1,2022-06-21T00:44:12Z
z-ihFXXdbx4,UC2IE2CK5Cw_26wVv3hPbAgQ,"{'kind': 'youtube#videoListResponse', 'etag': 'zuFMjwZevkNV_BXNeGyoJRd_vLg', 'items': [{'kind': 'youtube#video', 'etag': 'sPNJedT62EPV865UxiZue9V_wrw', 'id': 'z-ihFXXdbx4', 'snippet': {'publishedAt': '2022-06-06T16:47:08Z', 'channelId': 'UC2IE2CK5Cw_26wVv3hPbAgQ', 'title': 'Machine Learning & Youtube API: Targeted Youtube Growth Via Topics Your Viewers Want Next', 'description': 'How to figure out what topics would grow your viewership the most for your youtube channel using the Youtube API and machine learning.', 'thumbnails': {'default': {'url': 'https://i.ytimg.com/vi/z-ihFXXdbx4/default.jpg', 'width': 120, 'height': 90}, 'medium': {'url': 'https://i.ytimg.com/vi/z-ihFXXdbx4/mqdefault.jpg', 'width': 320, 'height': 180}, 'high': {'url': 'https://i.ytimg.com/vi/z-ihFXXdbx4/hqdefault.jpg', 'width': 480, 'height': 360}, 'standard': {'url': 'https://i.ytimg.com/vi/z-ihFXXdbx4/sddefault.jpg', 'width': 640, 'height': 480}, 'maxres': {'url': 'https://i.ytimg.com/vi/z-ihFXXdbx4/maxresdefault.jpg', 'width': 1280, 'height': 720}}, 'channelTitle': 'David Ramsey', 'tags': ['youtube api', 'api', 'data science', 'data analysis', 'stratascratch'], 'categoryId': '28', 'liveBroadcastContent': 'none', 'localized': {'title': 'Machine Learning & Youtube API: Targeted Youtube Growth Via Topics Your Viewers Want Next', 'description': 'How to figure out what topics would grow your viewership the most for your youtube channel using the Youtube API and machine learning.'}}, 'contentDetails': {'duration': 'PT9M21S', 'dimension': '2d', 'definition': 'hd', 'caption': 'false', 'licensedContent': False, 'contentRating': {}, 'projection': 'rectangular'}, 'statistics': {'viewCount': '9', 'likeCount': '0', 'favoriteCount': '0', 'commentCount': '0'}}], 'pageInfo': {'totalResults': 1, 'resultsPerPage': 1}}","{'kind': 'youtube#searchResult', 'etag': 'xovWFGgHc-MNEh_mG3-JOLu1EOQ', 'id': {'kind': 'youtube#video', 'videoId': 'z-ihFXXdbx4'}, 'snippet': {'publishedAt': '2022-06-06T16:47:08Z', 'channelId': 'UC2IE2CK5Cw_26wVv3hPbAgQ', 'title': 'Machine Learning &amp; Youtube API: Targeted Youtube Growth Via Topics Your Viewers Want Next', 'description': 'How to figure out what topics would grow your viewership the most for your youtube channel using the Youtube API and machine ...', 'thumbnails': {'default': {'url': 'https://i.ytimg.com/vi/z-ihFXXdbx4/default.jpg', 'width': 120, 'height': 90}, 'medium': {'url': 'https://i.ytimg.com/vi/z-ihFXXdbx4/mqdefault.jpg', 'width': 320, 'height': 180}, 'high': {'url': 'https://i.ytimg.com/vi/z-ihFXXdbx4/hqdefault.jpg', 'width': 480, 'height': 360}}, 'channelTitle': 'David Ramsey', 'liveBroadcastContent': 'none', 'publishTime': '2022-06-06T16:47:08Z'}}",Machine Learning &amp; Youtube API: Targeted Youtube Growth Via Topics Your Viewers Want Next,2022-06-06T16:47:08Z
bNBV257ZZyE,UC2IE2CK5Cw_26wVv3hPbAgQ,"{'kind': 'youtube#videoListResponse', 'etag': 'lW94M3rnIobSdjTrRBL4JrUsiFk', 'items': [{'kind': 'youtube#video', 'etag': 'vaBPf_sF4LxRU8v0Ai_LKQTFXEU', 'id': 'bNBV257ZZyE', 'snippet': {'publishedAt': '2022-03-30T18:54:14Z', 'channelId': 'UC2IE2CK5Cw_26wVv3hPbAgQ', 'title': 'strata draft 2', 'description': 'A little check-in on stratascratch youtube analysis', 'thumbnails': {'default': {'url': 'https://i.ytimg.com/vi/bNBV257ZZyE/default.jpg', 'width': 120, 'height': 90}, 'medium': {'url': 'https://i.ytimg.com/vi/bNBV257ZZyE/mqdefault.jpg', 'width': 320, 'height': 180}, 'high': {'url': 'https://i.ytimg.com/vi/bNBV257ZZyE/hqdefault.jpg', 'width': 480, 'height': 360}, 'standard': {'url': 'https://i.ytimg.com/vi/bNBV257ZZyE/sddefault.jpg', 'width': 640, 'height': 480}, 'maxres': {'url': 'https://i.ytimg.com/vi/bNBV257ZZyE/maxresdefault.jpg', 'width': 1280, 'height': 720}}, 'channelTitle': 'David Ramsey', 'categoryId': '28', 'liveBroadcastContent': 'none', 'localized': {'title': 'strata draft 2', 'description': 'A little check-in on stratascratch youtube analysis'}}, 'contentDetails': {'duration': 'PT5M39S', 'dimension': '2d', 'definition': 'hd', 'caption': 'false', 'licensedContent': False, 'contentRating': {}, 'projection': 'rectangular'}, 'statistics': {'viewCount': '2', 'likeCount': '0', 'favoriteCount': '0', 'commentCount': '0'}}], 'pageInfo': {'totalResults': 1, 'resultsPerPage': 1}}","{'kind': 'youtube#searchResult', 'etag': 'ml8uuEPt9_U30DnsOwtXV7kFpRk', 'id': {'kind': 'youtube#video', 'videoId': 'bNBV257ZZyE'}, 'snippet': {'publishedAt': '2022-03-30T18:54:14Z', 'channelId': 'UC2IE2CK5Cw_26wVv3hPbAgQ', 'title': 'strata draft 2', 'description': 'A little check-in on stratascratch youtube analysis.', 'thumbnails': {'default': {'url': 'https://i.ytimg.com/vi/bNBV257ZZyE/default.jpg', 'width': 120, 'height': 90}, 'medium': {'url': 'https://i.ytimg.com/vi/bNBV257ZZyE/mqdefault.jpg', 'width': 320, 'height': 180}, 'high': {'url': 'https://i.ytimg.com/vi/bNBV257ZZyE/hqdefault.jpg', 'width': 480, 'height': 360}}, 'channelTitle': 'David Ramsey', 'liveBroadcastContent': 'none', 'publishTime': '2022-03-30T18:54:14Z'}}",strata draft 2,2022-03-30T18:54:14Z
EM8DWPcEWgY,UC2IE2CK5Cw_26wVv3hPbAgQ,"{'kind': 'youtube#videoListResponse', 'etag': 'KEWitg_qvzLFkcew-zA2ks6FXG0', 'items': [{'kind': 'youtube#video', 'etag': 'FklwMo6ZZZznsTF0WIwilOuJOT8', 'id': 'EM8DWPcEWgY', 'snippet': {'publishedAt': '2022-03-09T18:54:00Z', 'channelId': 'UC2IE2CK5Cw_26wVv3hPbAgQ', 'title': 'stratascratch commenters analysis from their Youtube API Video', 'description': 'Here I show further insights that can be found by using the YouTube API video published by StrataScratch.', 'thumbnails': {'default': {'url': 'https://i.ytimg.com/vi/EM8DWPcEWgY/default.jpg', 'width': 120, 'height': 90}, 'medium': {'url': 'https://i.ytimg.com/vi/EM8DWPcEWgY/mqdefault.jpg', 'width': 320, 'height': 180}, 'high': {'url': 'https://i.ytimg.com/vi/EM8DWPcEWgY/hqdefault.jpg', 'width': 480, 'height': 360}}, 'channelTitle': 'David Ramsey', 'categoryId': '28', 'liveBroadcastContent': 'none', 'localized': {'title': 'stratascratch commenters analysis from their Youtube API Video', 'description': 'Here I show further insights that can be found by using the YouTube API video published by StrataScratch.'}}, 'contentDetails': {'duration': 'PT5M17S', 'dimension': '2d', 'definition': 'hd', 'caption': 'false', 'licensedContent': False, 'contentRating': {}, 'projection': 'rectangular'}, 'statistics': {'viewCount': '17', 'likeCount': '0', 'favoriteCount': '0', 'commentCount': '0'}}], 'pageInfo': {'totalResults': 1, 'resultsPerPage': 1}}","{'kind': 'youtube#searchResult', 'etag': '85dVwBxceWvV9KAuAnIuQyxgFBo', 'id': {'kind': 'youtube#video', 'videoId': 'EM8DWPcEWgY'}, 'snippet': {'publishedAt': '2022-03-09T18:54:00Z', 'channelId': 'UC2IE2CK5Cw_26wVv3hPbAgQ', 'title': 'stratascratch commenters analysis from their Youtube API Video', 'description': 'Here I show further insights that can be found by using the YouTube API video published by StrataScratch.', 'thumbnails': {'default': {'url': 'https://i.ytimg.com/vi/EM8DWPcEWgY/default.jpg', 'width': 120, 'height': 90}, 'medium': {'url': 'https://i.ytimg.com/vi/EM8DWPcEWgY/mqdefault.jpg', 'width': 320, 'height': 180}, 'high': {'url': 'https://i.ytimg.com/vi/EM8DWPcEWgY/hqdefault.jpg', 'width': 480, 'height': 360}}, 'channelTitle': 'David Ramsey', 'liveBroadcastContent': 'none', 'publishTime': '2022-03-09T18:54:00Z'}}",stratascratch commenters analysis from their Youtube API Video,2022-03-09T18:54:00Z
o9E-EX_k-io,UC2IE2CK5Cw_26wVv3hPbAgQ,"{'kind': 'youtube#videoListResponse', 'etag': 'BExFgbs48PSa0kbihBYFI1Sbx44', 'items': [{'kind': 'youtube#video', 'etag': 'D6KtmUVv7xj23kaYd6hAZgYI40U', 'id': 'o9E-EX_k-io', 'snippet': {'publishedAt': '2020-02-19T18:52:34Z', 'channelId': 'UC2IE2CK5Cw_26wVv3hPbAgQ', 'title': 'EM43 alignment problem', 'description': 'this is the sound it’s making when the burrs touch. the marker is being rubbed off two opposite sides of the burrs', 'thumbnails': {'default': {'url': 'https://i.ytimg.com/vi/o9E-EX_k-io/default.jpg', 'width': 120, 'height': 90}, 'medium': {'url': 'https://i.ytimg.com/vi/o9E-EX_k-io/mqdefault.jpg', 'width': 320, 'height': 180}, 'high': {'url': 'https://i.ytimg.com/vi/o9E-EX_k-io/hqdefault.jpg', 'width': 480, 'height': 360}, 'standard': {'url': 'https://i.ytimg.com/vi/o9E-EX_k-io/sddefault.jpg', 'width': 640, 'height': 480}, 'maxres': {'url': 'https://i.ytimg.com/vi/o9E-EX_k-io/maxresdefault.jpg', 'width': 1280, 'height': 720}}, 'channelTitle': 'David Ramsey', 'categoryId': '22', 'liveBroadcastContent': 'none', 'localized': {'title': 'EM43 alignment problem', 'description': 'this is the sound it’s making when the burrs touch. the marker is being rubbed off two opposite sides of the burrs'}}, 'contentDetails': {'duration': 'PT11S', 'dimension': '2d', 'definition': 'hd', 'caption': 'false', 'licensedContent': False, 'contentRating': {}, 'projection': 'rectangular'}, 'statistics': {'viewCount': '38', 'likeCount': '0', 'favoriteCount': '0', 'commentCount': '0'}}], 'pageInfo': {'totalResults': 1, 'resultsPerPage': 1}}","{'kind': 'youtube#searchResult', 'etag': 'OHyAjSGKyMXQmNRAQNRkH6hc4L4', 'id': {'kind': 'youtube#video', 'videoId': 'o9E-EX_k-io'}, 'snippet': {'publishedAt': '2020-02-19T18:52:34Z', 'channelId': 'UC2IE2CK5Cw_26wVv3hPbAgQ', 'title': 'EM43 alignment problem', 'description': ""this is the sound it's making when the burrs touch. the marker is being rubbed off two opposite sides of the burrs."", 'thumbnails': {'default': {'url': 'https://i.ytimg.com/vi/o9E-EX_k-io/default.jpg', 'width': 120, 'height': 90}, 'medium': {'url': 'https://i.ytimg.com/vi/o9E-EX_k-io/mqdefault.jpg', 'width': 320, 'height': 180}, 'high': {'url': 'https://i.ytimg.com/vi/o9E-EX_k-io/hqdefault.jpg', 'width': 480, 'height': 360}}, 'channelTitle': 'David Ramsey', 'liveBroadcastContent': 'none', 'publishTime': '2020-02-19T18:52:34Z'}}",EM43 alignment problem,2020-02-19T18:52:34Z
1w7w7ow4iEo,UC2IE2CK5Cw_26wVv3hPbAgQ,"{'kind': 'youtube#videoListResponse', 'etag': 'yxRH9Ml0YtOdRjIe8PuAUe7b1cI', 'items': [{'kind': 'youtube#video', 'etag': 'Ac02AYJp_Xa35lDh8ysMTxd7yYc', 'id': '1w7w7ow4iEo', 'snippet': {'publishedAt': '2020-02-19T18:51:02Z', 'channelId': 'UC2IE2CK5Cw_26wVv3hPbAgQ', 'title': 'EK43 alignment problem', 'description': 'it appears to be running the marker off two opposite sides but the sound is still somewhere between good and OK and Good. i want Exellent.', 'thumbnails': {'default': {'url': 'https://i.ytimg.com/vi/1w7w7ow4iEo/default.jpg', 'width': 120, 'height': 90}, 'medium': {'url': 'https://i.ytimg.com/vi/1w7w7ow4iEo/mqdefault.jpg', 'width': 320, 'height': 180}, 'high': {'url': 'https://i.ytimg.com/vi/1w7w7ow4iEo/hqdefault.jpg', 'width': 480, 'height': 360}, 'standard': {'url': 'https://i.ytimg.com/vi/1w7w7ow4iEo/sddefault.jpg', 'width': 640, 'height': 480}, 'maxres': {'url': 'https://i.ytimg.com/vi/1w7w7ow4iEo/maxresdefault.jpg', 'width': 1280, 'height': 720}}, 'channelTitle': 'David Ramsey', 'categoryId': '22', 'liveBroadcastContent': 'none', 'localized': {'title': 'EK43 alignment problem', 'description': 'it appears to be running the marker off two opposite sides but the sound is still somewhere between good and OK and Good. i want Exellent.'}}, 'contentDetails': {'duration': 'PT51S', 'dimension': '2d', 'definition': 'hd', 'caption': 'false', 'licensedContent': False, 'contentRating': {}, 'projection': 'rectangular'}, 'statistics': {'viewCount': '608', 'likeCount': '2', 'favoriteCount': '0', 'commentCount': '5'}}], 'pageInfo': {'totalResults': 1, 'resultsPerPage': 1}}","{'kind': 'youtube#searchResult', 'etag': 'UkrxwSXoEMyXtWpguJACpE0QKM0', 'id': {'kind': 'youtube#video', 'videoId': '1w7w7ow4iEo'}, 'snippet': {'publishedAt': '2020-02-19T18:51:02Z', 'channelId': 'UC2IE2CK5Cw_26wVv3hPbAgQ', 'title': 'EK43 alignment problem', 'description': 'it appears to be running the marker off two opposite sides but the sound is still somewhere between good and OK and Good. i ...', 'thumbnails': {'default': {'url': 'https://i.ytimg.com/vi/1w7w7ow4iEo/default.jpg', 'width': 120, 'height': 90}, 'medium': {'url': 'https://i.ytimg.com/vi/1w7w7ow4iEo/mqdefault.jpg', 'width': 320, 'height': 180}, 'high': {'url': 'https://i.ytimg.com/vi/1w7w7ow4iEo/hqdefault.jpg', 'width': 480, 'height': 360}}, 'channelTitle': 'David Ramsey', 'liveBroadcastContent': 'none', 'publishTime': '2020-02-19T18:51:02Z'}}",EK43 alignment problem,2020-02-19T18:51:02Z
WHDDcf4rYaI,UC2IE2CK5Cw_26wVv3hPbAgQ,"{'kind': 'youtube#videoListResponse', 'etag': 'kqOagkdtwDBmZPo9ooXLrrg7OgA', 'items': [{'kind': 'youtube#video', 'etag': 'PoEmi7iF8Sbs0ob5zca6RyQgMYY', 'id': 'WHDDcf4rYaI', 'snippet': {'publishedAt': '2017-05-05T15:50:49Z', 'channelId': 'UC2IE2CK5Cw_26wVv3hPbAgQ', 'title': 'rhyme daily show 3', 'description': 'better slightly. #rhymedailyshow #thedailyshow #howtofreestylerap #freestylerap #onetake #phillyrapper #bars  #rapscript #notwritten', 'thumbnails': {'default': {'url': 'https://i.ytimg.com/vi/WHDDcf4rYaI/default.jpg', 'width': 120, 'height': 90}, 'medium': {'url': 'https://i.ytimg.com/vi/WHDDcf4rYaI/mqdefault.jpg', 'width': 320, 'height': 180}, 'high': {'url': 'https://i.ytimg.com/vi/WHDDcf4rYaI/hqdefault.jpg', 'width': 480, 'height': 360}}, 'channelTitle': 'David Ramsey', 'tags': ['YouTube Capture'], 'categoryId': '22', 'liveBroadcastContent': 'none', 'localized': {'title': 'rhyme daily show 3', 'description': 'better slightly. #rhymedailyshow #thedailyshow #howtofreestylerap #freestylerap #onetake #phillyrapper #bars  #rapscript #notwritten'}}, 'contentDetails': {'duration': 'PT1M1S', 'dimension': '2d', 'definition': 'sd', 'caption': 'false', 'licensedContent': False, 'contentRating': {}, 'projection': 'rectangular'}, 'statistics': {'viewCount': '14', 'likeCount': '0', 'favoriteCount': '0', 'commentCount': '0'}}], 'pageInfo': {'totalResults': 1, 'resultsPerPage': 1}}","{'kind': 'youtube#searchResult', 'etag': 'swhX1S5-z19g5DeNuHjLPtnlkZ8', 'id': {'kind': 'youtube#video', 'videoId': 'WHDDcf4rYaI'}, 'snippet': {'publishedAt': '2017-05-05T15:50:49Z', 'channelId': 'UC2IE2CK5Cw_26wVv3hPbAgQ', 'title': 'rhyme daily show 3', 'description': 'better slightly. #rhymedailyshow #thedailyshow #howtofreestylerap #freestylerap #onetake #phillyrapper #bars #rapscript ...', 'thumbnails': {'default': {'url': 'https://i.ytimg.com/vi/WHDDcf4rYaI/default.jpg', 'width': 120, 'height': 90}, 'medium': {'url': 'https://i.ytimg.com/vi/WHDDcf4rYaI/mqdefault.jpg', 'width': 320, 'height': 180}, 'high': {'url': 'https://i.ytimg.com/vi/WHDDcf4rYaI/hqdefault.jpg', 'width': 480, 'height': 360}}, 'channelTitle': 'David Ramsey', 'liveBroadcastContent': 'none', 'publishTime': '2017-05-05T15:50:49Z'}}",rhyme daily show 3,2017-05-05T15:50:49Z
8XBT-k46PJ8,UC2IE2CK5Cw_26wVv3hPbAgQ,"{'kind': 'youtube#videoListResponse', 'etag': 'lDfYg_J5xCO6PCd5WU5zF5saq1o', 'items': [{'kind': 'youtube#video', 'etag': 'SfZT6xxUDfSrD5__8F89HtCYTI0', 'id': '8XBT-k46PJ8', 'snippet': {'publishedAt': '2017-04-12T16:24:18Z', 'channelId': 'UC2IE2CK5Cw_26wVv3hPbAgQ', 'title': 'Rhyme Daily Show #1', 'description': ""Ok.  Here's humble attempt #1. Please let me know how you rate it. scale 1-5. I give it a 3 and hope it gets better.  More soon. Lots to practice to get better. Thanks for all feedback.  #rhymedailyshow #thedailyshow #howtofreestylerap #freestylerap #onetake #phillyrapper #bars"", 'thumbnails': {'default': {'url': 'https://i.ytimg.com/vi/8XBT-k46PJ8/default.jpg', 'width': 120, 'height': 90}, 'medium': {'url': 'https://i.ytimg.com/vi/8XBT-k46PJ8/mqdefault.jpg', 'width': 320, 'height': 180}, 'high': {'url': 'https://i.ytimg.com/vi/8XBT-k46PJ8/hqdefault.jpg', 'width': 480, 'height': 360}}, 'channelTitle': 'David Ramsey', 'tags': ['YouTube Capture'], 'categoryId': '22', 'liveBroadcastContent': 'none', 'localized': {'title': 'Rhyme Daily Show #1', 'description': ""Ok.  Here's humble attempt #1. Please let me know how you rate it. scale 1-5. I give it a 3 and hope it gets better.  More soon. Lots to practice to get better. Thanks for all feedback.  #rhymedailyshow #thedailyshow #howtofreestylerap #freestylerap #onetake #phillyrapper #bars""}}, 'contentDetails': {'duration': 'PT1M', 'dimension': '2d', 'definition': 'sd', 'caption': 'false', 'licensedContent': False, 'contentRating': {}, 'projection': 'rectangular'}, 'statistics': {'viewCount': '16', 'likeCount': '1', 'favoriteCount': '0', 'commentCount': '0'}}], 'pageInfo': {'totalResults': 1, 'resultsPerPage': 1}}","{'kind': 'youtube#searchResult', 'etag': 'Li5znUcqpmm-Mk7e50aDIXhaxEs', 'id': {'kind': 'youtube#video', 'videoId': '8XBT-k46PJ8'}, 'snippet': {'publishedAt': '2017-04-12T16:24:18Z', 'channelId': 'UC2IE2CK5Cw_26wVv3hPbAgQ', 'title': 'Rhyme Daily Show #1', 'description': ""Ok. Here's humble attempt #1. Please let me know how you rate it. scale 1-5. I give it a 3 and hope it gets better. More soon."", 'thumbnails': {'default': {'url': 'https://i.ytimg.com/vi/8XBT-k46PJ8/default.jpg', 'width': 120, 'height': 90}, 'medium': {'url': 'https://i.ytimg.com/vi/8XBT-k46PJ8/mqdefault.jpg', 'width': 320, 'height': 180}, 'high': {'url': 'https://i.ytimg.com/vi/8XBT-k46PJ8/hqdefault.jpg', 'width': 480, 'height': 360}}, 'channelTitle': 'David Ramsey', 'liveBroadcastContent': 'none', 'publishTime': '2017-04-12T16:24:18Z'}}",Rhyme Daily Show #1,2017-04-12T16:24:18Z
HKw0O423kOs,UC2IE2CK5Cw_26wVv3hPbAgQ,"{'kind': 'youtube#videoListResponse', 'etag': 'IzwKjW7fPshGQdVop9RJTt7x3Aw', 'items': [{'kind': 'youtube#video', 'etag': '-agumJHmD2QXu7DOMi80H8XARoU', 'id': 'HKw0O423kOs', 'snippet': {'publishedAt': '2017-04-09T14:05:19Z', 'channelId': 'UC2IE2CK5Cw_26wVv3hPbAgQ', 'title': 'Apr 9, 2017', 'description': 'via YouTube Capture', 'thumbnails': {'default': {'url': 'https://i.ytimg.com/vi/HKw0O423kOs/default.jpg', 'width': 120, 'height': 90}, 'medium': {'url': 'https://i.ytimg.com/vi/HKw0O423kOs/mqdefault.jpg', 'width': 320, 'height': 180}, 'high': {'url': 'https://i.ytimg.com/vi/HKw0O423kOs/hqdefault.jpg', 'width': 480, 'height': 360}}, 'channelTitle': 'David Ramsey', 'tags': ['YouTube Capture'], 'categoryId': '22', 'liveBroadcastContent': 'none', 'localized': {'title': 'Apr 9, 2017', 'description': 'via YouTube Capture'}}, 'contentDetails': {'duration': 'PT58S', 'dimension': '2d', 'definition': 'sd', 'caption': 'false', 'licensedContent': False, 'contentRating': {}, 'projection': 'rectangular'}, 'statistics': {'viewCount': '1', 'likeCount': '0', 'favoriteCount': '0', 'commentCount': '0'}}], 'pageInfo': {'totalResults': 1, 'resultsPerPage': 1}}","{'kind': 'youtube#searchResult', 'etag': 'IOM5GmaqrNGlsPc4NhKaYm7ar1Q', 'id': {'kind': 'youtube#video', 'videoId': 'HKw0O423kOs'}, 'snippet': {'publishedAt': '2017-04-09T14:05:19Z', 'channelId': 'UC2IE2CK5Cw_26wVv3hPbAgQ', 'title': 'Apr 9, 2017', 'description': 'via YouTube Capture.', 'thumbnails': {'default': {'url': 'https://i.ytimg.com/vi/HKw0O423kOs/default.jpg', 'width': 120, 'height': 90}, 'medium': {'url': 'https://i.ytimg.com/vi/HKw0O423kOs/mqdefault.jpg', 'width': 320, 'height': 180}, 'high': {'url': 'https://i.ytimg.com/vi/HKw0O423kOs/hqdefault.jpg', 'width': 480, 'height': 360}}, 'channelTitle': 'David Ramsey', 'liveBroadcastContent': 'none', 'publishTime': '2017-04-09T14:05:19Z'}}","Apr 9, 2017",2017-04-09T14:05:19Z
fjLyEDmw9aU,UC2IE2CK5Cw_26wVv3hPbAgQ,"{'kind': 'youtube#videoListResponse', 'etag': 'o7a82DrG3fIutYYovpmJTFHLQms', 'items': [{'kind': 'youtube#video', 'etag': 'jo8_7obCVeKE0Ol-HT3A9Po70KQ', 'id': 'fjLyEDmw9aU', 'snippet': {'publishedAt': '2017-04-06T11:00:24Z', 'channelId': 'UC2IE2CK5Cw_26wVv3hPbAgQ', 'title': 'Dave Learns to Freestyle Rap #3 Why no rapping? #howtofreestylerap #freestylerap #phillyrapper #bars', 'description': 'dave learns to freestyle rap via YouTube Capture #howtofreestylerap #freestylerap #onetake #phillyrapper', 'thumbnails': {'default': {'url': 'https://i.ytimg.com/vi/fjLyEDmw9aU/default.jpg', 'width': 120, 'height': 90}, 'medium': {'url': 'https://i.ytimg.com/vi/fjLyEDmw9aU/mqdefault.jpg', 'width': 320, 'height': 180}, 'high': {'url': 'https://i.ytimg.com/vi/fjLyEDmw9aU/hqdefault.jpg', 'width': 480, 'height': 360}}, 'channelTitle': 'David Ramsey', 'tags': ['YouTube Capture'], 'categoryId': '22', 'liveBroadcastContent': 'none', 'localized': {'title': 'Dave Learns to Freestyle Rap #3 Why no rapping? #howtofreestylerap #freestylerap #phillyrapper #bars', 'description': 'dave learns to freestyle rap via YouTube Capture #howtofreestylerap #freestylerap #onetake #phillyrapper'}}, 'contentDetails': {'duration': 'PT1M1S', 'dimension': '2d', 'definition': 'sd', 'caption': 'false', 'licensedContent': False, 'contentRating': {}, 'projection': 'rectangular'}, 'statistics': {'viewCount': '9', 'likeCount': '0', 'favoriteCount': '0', 'commentCount': '0'}}], 'pageInfo': {'totalResults': 1, 'resultsPerPage': 1}}","{'kind': 'youtube#searchResult', 'etag': '0nx-2gxS1y42D5DXWHh69d8pozc', 'id': {'kind': 'youtube#video', 'videoId': 'fjLyEDmw9aU'}, 'snippet': {'publishedAt': '2017-04-06T11:00:24Z', 'channelId': 'UC2IE2CK5Cw_26wVv3hPbAgQ', 'title': 'Dave Learns to Freestyle Rap #3 Why no rapping? #howtofreestylerap #freestylerap #phillyrapper #bars', 'description': 'dave learns to freestyle rap via YouTube Capture #howtofreestylerap #freestylerap #onetake #phillyrapper.', 'thumbnails': {'default': {'url': 'https://i.ytimg.com/vi/fjLyEDmw9aU/default.jpg', 'width': 120, 'height': 90}, 'medium': {'url': 'https://i.ytimg.com/vi/fjLyEDmw9aU/mqdefault.jpg', 'width': 320, 'height': 180}, 'high': {'url': 'https://i.ytimg.com/vi/fjLyEDmw9aU/hqdefault.jpg', 'width': 480, 'height': 360}}, 'channelTitle': 'David Ramsey', 'liveBroadcastContent': 'none', 'publishTime': '2017-04-06T11:00:24Z'}}",Dave Learns to Freestyle Rap #3 Why no rapping? #howtofreestylerap #freestylerap #phillyrapper #bars,2017-04-06T11:00:24Z
Ag5LSHy9kpo,UC2IE2CK5Cw_26wVv3hPbAgQ,"{'kind': 'youtube#videoListResponse', 'etag': 'FuKrpTMYIVj_rz-toPQmOwHO7x4', 'items': [{'kind': 'youtube#video', 'etag': 'Zq43-hiTLVuzu6KaFXJtuUwTDLc', 'id': 'Ag5LSHy9kpo', 'snippet': {'publishedAt': '2017-04-02T03:27:39Z', 'channelId': 'UC2IE2CK5Cw_26wVv3hPbAgQ', 'title': 'dave learns to rap #2 TIME #practice', 'description': ""Second video in dave's video blog on how he's learning to freestyle rap and release his freestyle rap project."", 'thumbnails': {'default': {'url': 'https://i.ytimg.com/vi/Ag5LSHy9kpo/default.jpg', 'width': 120, 'height': 90}, 'medium': {'url': 'https://i.ytimg.com/vi/Ag5LSHy9kpo/mqdefault.jpg', 'width': 320, 'height': 180}, 'high': {'url': 'https://i.ytimg.com/vi/Ag5LSHy9kpo/hqdefault.jpg', 'width': 480, 'height': 360}}, 'channelTitle': 'David Ramsey', 'tags': ['YouTube Capture'], 'categoryId': '22', 'liveBroadcastContent': 'none', 'localized': {'title': 'dave learns to rap #2 TIME #practice', 'description': ""Second video in dave's video blog on how he's learning to freestyle rap and release his freestyle rap project.""}}, 'contentDetails': {'duration': 'PT47S', 'dimension': '2d', 'definition': 'sd', 'caption': 'false', 'licensedContent': False, 'contentRating': {}, 'projection': 'rectangular'}, 'statistics': {'viewCount': '6', 'likeCount': '0', 'favoriteCount': '0', 'commentCount': '1'}}], 'pageInfo': {'totalResults': 1, 'resultsPerPage': 1}}","{'kind': 'youtube#searchResult', 'etag': 'lyxouBfcx_rrXHqt6B2jCV30V2g', 'id': {'kind': 'youtube#video', 'videoId': 'Ag5LSHy9kpo'}, 'snippet': {'publishedAt': '2017-04-02T03:27:39Z', 'channelId': 'UC2IE2CK5Cw_26wVv3hPbAgQ', 'title': 'dave learns to rap #2 TIME #practice', 'description': ""Second video in dave's video blog on how he's learning to freestyle rap and release his freestyle rap project."", 'thumbnails': {'default': {'url': 'https://i.ytimg.com/vi/Ag5LSHy9kpo/default.jpg', 'width': 120, 'height': 90}, 'medium': {'url': 'https://i.ytimg.com/vi/Ag5LSHy9kpo/mqdefault.jpg', 'width': 320, 'height': 180}, 'high': {'url': 'https://i.ytimg.com/vi/Ag5LSHy9kpo/hqdefault.jpg', 'width': 480, 'height': 360}}, 'channelTitle': 'David Ramsey', 'liveBroadcastContent': 'none', 'publishTime': '2017-04-02T03:27:39Z'}}",dave learns to rap #2 TIME #practice,2017-04-02T03:27:39Z
Mj7yPP85UiE,UC2IE2CK5Cw_26wVv3hPbAgQ,"{'kind': 'youtube#videoListResponse', 'etag': 'tzZ26p7KK30dvY8yu55E1k1yIQ4', 'items': [{'kind': 'youtube#video', 'etag': 'UpaQmu8LmrYRfg95ASh8MDSOPkU', 'id': 'Mj7yPP85UiE', 'snippet': {'publishedAt': '2017-03-30T15:16:00Z', 'channelId': 'UC2IE2CK5Cw_26wVv3hPbAgQ', 'title': 'dave learns to freestyle rap #1 #deepwork', 'description': 'via YouTube Capture', 'thumbnails': {'default': {'url': 'https://i.ytimg.com/vi/Mj7yPP85UiE/default.jpg', 'width': 120, 'height': 90}, 'medium': {'url': 'https://i.ytimg.com/vi/Mj7yPP85UiE/mqdefault.jpg', 'width': 320, 'height': 180}, 'high': {'url': 'https://i.ytimg.com/vi/Mj7yPP85UiE/hqdefault.jpg', 'width': 480, 'height': 360}}, 'channelTitle': 'David Ramsey', 'tags': ['YouTube Capture'], 'categoryId': '22', 'liveBroadcastContent': 'none', 'localized': {'title': 'dave learns to freestyle rap #1 #deepwork', 'description': 'via YouTube Capture'}}, 'contentDetails': {'duration': 'PT1M', 'dimension': '2d', 'definition': 'sd', 'caption': 'false', 'licensedContent': False, 'contentRating': {}, 'projection': 'rectangular'}, 'statistics': {'viewCount': '7', 'likeCount': '1', 'favoriteCount': '0', 'commentCount': '0'}}], 'pageInfo': {'totalResults': 1, 'resultsPerPage': 1}}","{'kind': 'youtube#searchResult', 'etag': 'XuC86Fnmki5Z1SNdkLGMnRzXXhY', 'id': {'kind': 'youtube#video', 'videoId': 'Mj7yPP85UiE'}, 'snippet': {'publishedAt': '2017-03-30T15:16:00Z', 'channelId': 'UC2IE2CK5Cw_26wVv3hPbAgQ', 'title': 'dave learns to freestyle rap #1 #deepwork', 'description': 'via YouTube Capture.', 'thumbnails': {'default': {'url': 'https://i.ytimg.com/vi/Mj7yPP85UiE/default.jpg', 'width': 120, 'height': 90}, 'medium': {'url': 'https://i.ytimg.com/vi/Mj7yPP85UiE/mqdefault.jpg', 'width': 320, 'height': 180}, 'high': {'url': 'https://i.ytimg.com/vi/Mj7yPP85UiE/hqdefault.jpg', 'width': 480, 'height': 360}}, 'channelTitle': 'David Ramsey', 'liveBroadcastContent': 'none', 'publishTime': '2017-03-30T15:16:00Z'}}",dave learns to freestyle rap #1 #deepwork,2017-03-30T15:16:00Z
BDI9AjAX0jU,UC2IE2CK5Cw_26wVv3hPbAgQ,"{'kind': 'youtube#videoListResponse', 'etag': 'FMij3DYK3lpP36PvdjxjZI4v0H8', 'items': [{'kind': 'youtube#video', 'etag': 'GvOmGGBiKFJjB1DOxPt3CixGio0', 'id': 'BDI9AjAX0jU', 'snippet': {'publishedAt': '2017-02-10T17:39:59Z', 'channelId': 'UC2IE2CK5Cw_26wVv3hPbAgQ', 'title': 'practice. using @rapscript', 'description': 'via YouTube Capture', 'thumbnails': {'default': {'url': 'https://i.ytimg.com/vi/BDI9AjAX0jU/default.jpg', 'width': 120, 'height': 90}, 'medium': {'url': 'https://i.ytimg.com/vi/BDI9AjAX0jU/mqdefault.jpg', 'width': 320, 'height': 180}, 'high': {'url': 'https://i.ytimg.com/vi/BDI9AjAX0jU/hqdefault.jpg', 'width': 480, 'height': 360}}, 'channelTitle': 'David Ramsey', 'tags': ['YouTube Capture', 'rapscript'], 'categoryId': '22', 'liveBroadcastContent': 'none', 'localized': {'title': 'practice. using @rapscript', 'description': 'via YouTube Capture'}}, 'contentDetails': {'duration': 'PT59S', 'dimension': '2d', 'definition': 'sd', 'caption': 'false', 'licensedContent': False, 'contentRating': {}, 'projection': 'rectangular'}, 'statistics': {'viewCount': '36', 'likeCount': '0', 'favoriteCount': '0', 'commentCount': '0'}}], 'pageInfo': {'totalResults': 1, 'resultsPerPage': 1}}","{'kind': 'youtube#searchResult', 'etag': 'DDFjmVe0Y-GWtayNmqqinzUrKmk', 'id': {'kind': 'youtube#video', 'videoId': 'BDI9AjAX0jU'}, 'snippet': {'publishedAt': '2017-02-10T17:39:59Z', 'channelId': 'UC2IE2CK5Cw_26wVv3hPbAgQ', 'title': 'practice. using @rapscript', 'description': 'via YouTube Capture.', 'thumbnails': {'default': {'url': 'https://i.ytimg.com/vi/BDI9AjAX0jU/default.jpg', 'width': 120, 'height': 90}, 'medium': {'url': 'https://i.ytimg.com/vi/BDI9AjAX0jU/mqdefault.jpg', 'width': 320, 'height': 180}, 'high': {'url': 'https://i.ytimg.com/vi/BDI9AjAX0jU/hqdefault.jpg', 'width': 480, 'height': 360}}, 'channelTitle': 'David Ramsey', 'liveBroadcastContent': 'none', 'publishTime': '2017-02-10T17:39:59Z'}}",practice. using @rapscript,2017-02-10T17:39:59Z
0UKRECzz6Us,UC2IE2CK5Cw_26wVv3hPbAgQ,"{'kind': 'youtube#videoListResponse', 'etag': 'zsJL3Xo2MD0zeyQ2UfSzdcI7tMU', 'items': [{'kind': 'youtube#video', 'etag': 'pzguMSqCgY5ER2Yplh1eoWB7o1s', 'id': '0UKRECzz6Us', 'snippet': {'publishedAt': '2017-02-10T17:37:46Z', 'channelId': 'UC2IE2CK5Cw_26wVv3hPbAgQ', 'title': 'daily show rap', 'description': 'via YouTube Capture', 'thumbnails': {'default': {'url': 'https://i.ytimg.com/vi/0UKRECzz6Us/default.jpg', 'width': 120, 'height': 90}, 'medium': {'url': 'https://i.ytimg.com/vi/0UKRECzz6Us/mqdefault.jpg', 'width': 320, 'height': 180}, 'high': {'url': 'https://i.ytimg.com/vi/0UKRECzz6Us/hqdefault.jpg', 'width': 480, 'height': 360}}, 'channelTitle': 'David Ramsey', 'tags': ['YouTube Capture'], 'categoryId': '22', 'liveBroadcastContent': 'none', 'localized': {'title': 'daily show rap', 'description': 'via YouTube Capture'}}, 'contentDetails': {'duration': 'PT1M', 'dimension': '2d', 'definition': 'sd', 'caption': 'false', 'licensedContent': False, 'contentRating': {}, 'projection': 'rectangular'}, 'statistics': {'viewCount': '4', 'likeCount': '0', 'favoriteCount': '0', 'commentCount': '0'}}], 'pageInfo': {'totalResults': 1, 'resultsPerPage': 1}}","{'kind': 'youtube#searchResult', 'etag': 'S51uxgQq0_CFuNv2rdin3MpwkPI', 'id': {'kind': 'youtube#video', 'videoId': '0UKRECzz6Us'}, 'snippet': {'publishedAt': '2017-02-10T17:37:46Z', 'channelId': 'UC2IE2CK5Cw_26wVv3hPbAgQ', 'title': 'daily show rap', 'description': 'via YouTube Capture.', 'thumbnails': {'default': {'url': 'https://i.ytimg.com/vi/0UKRECzz6Us/default.jpg', 'width': 120, 'height': 90}, 'medium': {'url': 'https://i.ytimg.com/vi/0UKRECzz6Us/mqdefault.jpg', 'width': 320, 'height': 180}, 'high': {'url': 'https://i.ytimg.com/vi/0UKRECzz6Us/hqdefault.jpg', 'width': 480, 'height': 360}}, 'channelTitle': 'David Ramsey', 'liveBroadcastContent': 'none', 'publishTime': '2017-02-10T17:37:46Z'}}",daily show rap,2017-02-10T17:37:46Z
yOnpecSqdfg,UC2IE2CK5Cw_26wVv3hPbAgQ,"{'kind': 'youtube#videoListResponse', 'etag': 'eRJaTHTgN2nEjHGfxeTrtZo47zM', 'items': [{'kind': 'youtube#video', 'etag': 'Ld6rLxKW-M1AJuPhAUzoCRQD0QY', 'id': 'yOnpecSqdfg', 'snippet': {'publishedAt': '2015-04-09T01:09:22Z', 'channelId': 'UC2IE2CK5Cw_26wVv3hPbAgQ', 'title': 'More shopping cart dapper dave Ramsey', 'description': 'via YouTube Capture', 'thumbnails': {'default': {'url': 'https://i.ytimg.com/vi/yOnpecSqdfg/default.jpg', 'width': 120, 'height': 90}, 'medium': {'url': 'https://i.ytimg.com/vi/yOnpecSqdfg/mqdefault.jpg', 'width': 320, 'height': 180}, 'high': {'url': 'https://i.ytimg.com/vi/yOnpecSqdfg/hqdefault.jpg', 'width': 480, 'height': 360}, 'standard': {'url': 'https://i.ytimg.com/vi/yOnpecSqdfg/sddefault.jpg', 'width': 640, 'height': 480}, 'maxres': {'url': 'https://i.ytimg.com/vi/yOnpecSqdfg/maxresdefault.jpg', 'width': 1280, 'height': 720}}, 'channelTitle': 'David Ramsey', 'tags': ['YouTube Capture'], 'categoryId': '22', 'liveBroadcastContent': 'none', 'localized': {'title': 'More shopping cart dapper dave Ramsey', 'description': 'via YouTube Capture'}}, 'contentDetails': {'duration': 'PT1M17S', 'dimension': '2d', 'definition': 'hd', 'caption': 'false', 'licensedContent': False, 'contentRating': {}, 'projection': 'rectangular'}, 'statistics': {'viewCount': '24', 'likeCount': '0', 'favoriteCount': '0', 'commentCount': '0'}}], 'pageInfo': {'totalResults': 1, 'resultsPerPage': 1}}","{'kind': 'youtube#searchResult', 'etag': 'sd5rmpbzxurHxx28AJ-MLqBdo7U', 'id': {'kind': 'youtube#video', 'videoId': 'yOnpecSqdfg'}, 'snippet': {'publishedAt': '2015-04-09T01:09:22Z', 'channelId': 'UC2IE2CK5Cw_26wVv3hPbAgQ', 'title': 'More shopping cart dapper dave Ramsey', 'description': 'via YouTube Capture.', 'thumbnails': {'default': {'url': 'https://i.ytimg.com/vi/yOnpecSqdfg/default.jpg', 'width': 120, 'height': 90}, 'medium': {'url': 'https://i.ytimg.com/vi/yOnpecSqdfg/mqdefault.jpg', 'width': 320, 'height': 180}, 'high': {'url': 'https://i.ytimg.com/vi/yOnpecSqdfg/hqdefault.jpg', 'width': 480, 'height': 360}}, 'channelTitle': 'David Ramsey', 'liveBroadcastContent': 'none', 'publishTime': '2015-04-09T01:09:22Z'}}",More shopping cart dapper dave Ramsey,2015-04-09T01:09:22Z
yZDrwo9wGzo,UC2IE2CK5Cw_26wVv3hPbAgQ,"{'kind': 'youtube#videoListResponse', 'etag': 'msdCldk9pieKnn-UqumHRC7Qxng', 'items': [{'kind': 'youtube#video', 'etag': 'c8agRy8eqDlDbGY5WMPGc2i1A3c', 'id': 'yZDrwo9wGzo', 'snippet': {'publishedAt': '2015-03-28T23:09:06Z', 'channelId': 'UC2IE2CK5Cw_26wVv3hPbAgQ', 'title': 'video sculpture shopping cart philly dapper dave', 'description': ""all video coming from one shopping cart and 5 projectors  via YouTube Capture. \nI'm using ableton live with Vizzable to make it all happen."", 'thumbnails': {'default': {'url': 'https://i.ytimg.com/vi/yZDrwo9wGzo/default.jpg', 'width': 120, 'height': 90}, 'medium': {'url': 'https://i.ytimg.com/vi/yZDrwo9wGzo/mqdefault.jpg', 'width': 320, 'height': 180}, 'high': {'url': 'https://i.ytimg.com/vi/yZDrwo9wGzo/hqdefault.jpg', 'width': 480, 'height': 360}, 'standard': {'url': 'https://i.ytimg.com/vi/yZDrwo9wGzo/sddefault.jpg', 'width': 640, 'height': 480}, 'maxres': {'url': 'https://i.ytimg.com/vi/yZDrwo9wGzo/maxresdefault.jpg', 'width': 1280, 'height': 720}}, 'channelTitle': 'David Ramsey', 'tags': ['YouTube Capture'], 'categoryId': '22', 'liveBroadcastContent': 'none', 'localized': {'title': 'video sculpture shopping cart philly dapper dave', 'description': ""all video coming from one shopping cart and 5 projectors  via YouTube Capture. \nI'm using ableton live with Vizzable to make it all happen.""}}, 'contentDetails': {'duration': 'PT29S', 'dimension': '2d', 'definition': 'hd', 'caption': 'false', 'licensedContent': False, 'contentRating': {}, 'projection': 'rectangular'}, 'statistics': {'viewCount': '72', 'likeCount': '1', 'favoriteCount': '0', 'commentCount': '0'}}], 'pageInfo': {'totalResults': 1, 'resultsPerPage': 1}}","{'kind': 'youtube#searchResult', 'etag': 'GFIeRahXkql1r22kpdJaHc7STmY', 'id': {'kind': 'youtube#video', 'videoId': 'yZDrwo9wGzo'}, 'snippet': {'publishedAt': '2015-03-28T23:09:06Z', 'channelId': 'UC2IE2CK5Cw_26wVv3hPbAgQ', 'title': 'video sculpture shopping cart philly dapper dave', 'description': ""all video coming from one shopping cart and 5 projectors via YouTube Capture. I'm using ableton live with Vizzable to make it all ..."", 'thumbnails': {'default': {'url': 'https://i.ytimg.com/vi/yZDrwo9wGzo/default.jpg', 'width': 120, 'height': 90}, 'medium': {'url': 'https://i.ytimg.com/vi/yZDrwo9wGzo/mqdefault.jpg', 'width': 320, 'height': 180}, 'high': {'url': 'https://i.ytimg.com/vi/yZDrwo9wGzo/hqdefault.jpg', 'width': 480, 'height': 360}}, 'channelTitle': 'David Ramsey', 'liveBroadcastContent': 'none', 'publishTime': '2015-03-28T23:09:06Z'}}",video sculpture shopping cart philly dapper dave,2015-03-28T23:09:06Z
lQzsVURsydE,UC2IE2CK5Cw_26wVv3hPbAgQ,"{'kind': 'youtube#videoListResponse', 'etag': '9la8qQQGXYJIWhxa6KwOVTxhhSw', 'items': [{'kind': 'youtube#video', 'etag': 'v6st-9hEqAS6rITH-tt6XS8JMMo', 'id': 'lQzsVURsydE', 'snippet': {'publishedAt': '2015-01-08T14:52:23Z', 'channelId': 'UC2IE2CK5Cw_26wVv3hPbAgQ', 'title': 'Dancing Jefferson', 'description': 'This video has been generated with Plastic Animation Studio: http://plastic.toonz.com .', 'thumbnails': {'default': {'url': 'https://i.ytimg.com/vi/lQzsVURsydE/default.jpg', 'width': 120, 'height': 90}, 'medium': {'url': 'https://i.ytimg.com/vi/lQzsVURsydE/mqdefault.jpg', 'width': 320, 'height': 180}, 'high': {'url': 'https://i.ytimg.com/vi/lQzsVURsydE/hqdefault.jpg', 'width': 480, 'height': 360}, 'standard': {'url': 'https://i.ytimg.com/vi/lQzsVURsydE/sddefault.jpg', 'width': 640, 'height': 480}, 'maxres': {'url': 'https://i.ytimg.com/vi/lQzsVURsydE/maxresdefault.jpg', 'width': 1280, 'height': 720}}, 'channelTitle': 'David Ramsey', 'categoryId': '24', 'liveBroadcastContent': 'none', 'localized': {'title': 'Dancing Jefferson', 'description': 'This video has been generated with Plastic Animation Studio: http://plastic.toonz.com .'}}, 'contentDetails': {'duration': 'PT1S', 'dimension': '2d', 'definition': 'hd', 'caption': 'false', 'licensedContent': False, 'contentRating': {}, 'projection': 'rectangular'}, 'statistics': {'viewCount': '5', 'likeCount': '0', 'favoriteCount': '0', 'commentCount': '0'}}], 'pageInfo': {'totalResults': 1, 'resultsPerPage': 1}}","{'kind': 'youtube#searchResult', 'etag': 'VxlfbJyB5MJDWDfxbim4tZTFY98', 'id': {'kind': 'youtube#video', 'videoId': 'lQzsVURsydE'}, 'snippet': {'publishedAt': '2015-01-08T14:52:23Z', 'channelId': 'UC2IE2CK5Cw_26wVv3hPbAgQ', 'title': 'Dancing Jefferson', 'description': 'This video has been generated with Plastic Animation Studio: http://plastic.toonz.com .', 'thumbnails': {'default': {'url': 'https://i.ytimg.com/vi/lQzsVURsydE/default.jpg', 'width': 120, 'height': 90}, 'medium': {'url': 'https://i.ytimg.com/vi/lQzsVURsydE/mqdefault.jpg', 'width': 320, 'height': 180}, 'high': {'url': 'https://i.ytimg.com/vi/lQzsVURsydE/hqdefault.jpg', 'width': 480, 'height': 360}}, 'channelTitle': 'David Ramsey', 'liveBroadcastContent': 'none', 'publishTime': '2015-01-08T14:52:23Z'}}",Dancing Jefferson,2015-01-08T14:52:23Z
sQbReeT7aNM,UC2IE2CK5Cw_26wVv3hPbAgQ,"{'kind': 'youtube#videoListResponse', 'etag': '2enrmrzLBZF1ryMeTg-Y-NF18Wc', 'items': [{'kind': 'youtube#video', 'etag': 'TCtC35lwOIxGFTJdWLlUFm-8B2A', 'id': 'sQbReeT7aNM', 'snippet': {'publishedAt': '2015-01-07T15:12:26Z', 'channelId': 'UC2IE2CK5Cw_26wVv3hPbAgQ', 'title': 'Philly dapper dave Ramsey shopping cart projectors with scrim', 'description': 'via YouTube Capture', 'thumbnails': {'default': {'url': 'https://i.ytimg.com/vi/sQbReeT7aNM/default.jpg', 'width': 120, 'height': 90}, 'medium': {'url': 'https://i.ytimg.com/vi/sQbReeT7aNM/mqdefault.jpg', 'width': 320, 'height': 180}, 'high': {'url': 'https://i.ytimg.com/vi/sQbReeT7aNM/hqdefault.jpg', 'width': 480, 'height': 360}, 'standard': {'url': 'https://i.ytimg.com/vi/sQbReeT7aNM/sddefault.jpg', 'width': 640, 'height': 480}, 'maxres': {'url': 'https://i.ytimg.com/vi/sQbReeT7aNM/maxresdefault.jpg', 'width': 1280, 'height': 720}}, 'channelTitle': 'David Ramsey', 'tags': ['YouTube Capture'], 'categoryId': '22', 'liveBroadcastContent': 'none', 'localized': {'title': 'Philly dapper dave Ramsey shopping cart projectors with scrim', 'description': 'via YouTube Capture'}}, 'contentDetails': {'duration': 'PT1M10S', 'dimension': '2d', 'definition': 'hd', 'caption': 'false', 'licensedContent': False, 'contentRating': {}, 'projection': 'rectangular'}, 'statistics': {'viewCount': '102', 'likeCount': '0', 'favoriteCount': '0', 'commentCount': '0'}}], 'pageInfo': {'totalResults': 1, 'resultsPerPage': 1}}","{'kind': 'youtube#searchResult', 'etag': 'yMqGPdwssi1NwmPqE598WfBGg3Y', 'id': {'kind': 'youtube#video', 'videoId': 'sQbReeT7aNM'}, 'snippet': {'publishedAt': '2015-01-07T15:12:26Z', 'channelId': 'UC2IE2CK5Cw_26wVv3hPbAgQ', 'title': 'Philly dapper dave Ramsey shopping cart projectors with scrim', 'description': 'via YouTube Capture.', 'thumbnails': {'default': {'url': 'https://i.ytimg.com/vi/sQbReeT7aNM/default.jpg', 'width': 120, 'height': 90}, 'medium': {'url': 'https://i.ytimg.com/vi/sQbReeT7aNM/mqdefault.jpg', 'width': 320, 'height': 180}, 'high': {'url': 'https://i.ytimg.com/vi/sQbReeT7aNM/hqdefault.jpg', 'width': 480, 'height': 360}}, 'channelTitle': 'David Ramsey', 'liveBroadcastContent': 'none', 'publishTime': '2015-01-07T15:12:26Z'}}",Philly dapper dave Ramsey shopping cart projectors with scrim,2015-01-07T15:12:26Z
vpZzvLnM3G8,UC2IE2CK5Cw_26wVv3hPbAgQ,"{'kind': 'youtube#videoListResponse', 'etag': 'BXXr9R3R7GfB9NVNysc48DKU4EY', 'items': [{'kind': 'youtube#video', 'etag': 'Y6BxFtznwYm3deuUS4abhY51KDw', 'id': 'vpZzvLnM3G8', 'snippet': {'publishedAt': '2012-12-19T22:25:20Z', 'channelId': 'UC2IE2CK5Cw_26wVv3hPbAgQ', 'title': 'Fast aeroPress for samples', 'description': 'For quick tasting of coffee in a pinch', 'thumbnails': {'default': {'url': 'https://i.ytimg.com/vi/vpZzvLnM3G8/default.jpg', 'width': 120, 'height': 90}, 'medium': {'url': 'https://i.ytimg.com/vi/vpZzvLnM3G8/mqdefault.jpg', 'width': 320, 'height': 180}, 'high': {'url': 'https://i.ytimg.com/vi/vpZzvLnM3G8/hqdefault.jpg', 'width': 480, 'height': 360}}, 'channelTitle': 'David Ramsey', 'tags': ['AeroPress'], 'categoryId': '26', 'liveBroadcastContent': 'none', 'localized': {'title': 'Fast aeroPress for samples', 'description': 'For quick tasting of coffee in a pinch'}}, 'contentDetails': {'duration': 'PT2M45S', 'dimension': '2d', 'definition': 'sd', 'caption': 'false', 'licensedContent': False, 'contentRating': {}, 'projection': 'rectangular'}, 'statistics': {'viewCount': '71', 'likeCount': '0', 'favoriteCount': '0', 'commentCount': '0'}}], 'pageInfo': {'totalResults': 1, 'resultsPerPage': 1}}","{'kind': 'youtube#searchResult', 'etag': 'e4_Sdsvaa8XWnSr1KJI4GqcBndo', 'id': {'kind': 'youtube#video', 'videoId': 'vpZzvLnM3G8'}, 'snippet': {'publishedAt': '2012-12-19T22:25:20Z', 'channelId': 'UC2IE2CK5Cw_26wVv3hPbAgQ', 'title': 'Fast aeroPress for samples', 'description': 'For quick tasting of coffee in a pinch.', 'thumbnails': {'default': {'url': 'https://i.ytimg.com/vi/vpZzvLnM3G8/default.jpg', 'width': 120, 'height': 90}, 'medium': {'url': 'https://i.ytimg.com/vi/vpZzvLnM3G8/mqdefault.jpg', 'width': 320, 'height': 180}, 'high': {'url': 'https://i.ytimg.com/vi/vpZzvLnM3G8/hqdefault.jpg', 'width': 480, 'height': 360}}, 'channelTitle': 'David Ramsey', 'liveBroadcastContent': 'none', 'publishTime': '2012-12-19T22:25:20Z'}}",Fast aeroPress for samples,2012-12-19T22:25:20Z
PAEFiJD4kc8,UC2IE2CK5Cw_26wVv3hPbAgQ,"{'kind': 'youtube#videoListResponse', 'etag': 'BJoYZvQ59RA6fEFoXB5jmghpzv8', 'items': [{'kind': 'youtube#video', 'etag': 'UWAQP5v-3oQwgP94TQx_2-pYZy8', 'id': 'PAEFiJD4kc8', 'snippet': {'publishedAt': '2012-11-30T19:22:50Z', 'channelId': 'UC2IE2CK5Cw_26wVv3hPbAgQ', 'title': 'Espresso Stovetop Gemini Express $25 With Dave', 'description': ""I show my process of making home stovetop espresso that puts all the crema into your cup.  It's not the same as a la Marzocco, but its way cheaper. Just takes some time to get used to making.  I picked up this Gemini at Fante's in Philadelphia for $25. I can make two separate single shots ( not well separated) or one double. It takes a whole to learn butb I've been making some pretty darn good espresso with it. Better than most coffee shops I dare say.  Last note, I'm still getting better at this process so forgive me all my mistakes. -Dave"", 'thumbnails': {'default': {'url': 'https://i.ytimg.com/vi/PAEFiJD4kc8/default.jpg', 'width': 120, 'height': 90}, 'medium': {'url': 'https://i.ytimg.com/vi/PAEFiJD4kc8/mqdefault.jpg', 'width': 320, 'height': 180}, 'high': {'url': 'https://i.ytimg.com/vi/PAEFiJD4kc8/hqdefault.jpg', 'width': 480, 'height': 360}, 'standard': {'url': 'https://i.ytimg.com/vi/PAEFiJD4kc8/sddefault.jpg', 'width': 640, 'height': 480}}, 'channelTitle': 'David Ramsey', 'tags': ['Espresso', 'Stovetop', 'Stove', 'top', 'Gemini', 'Crema', 'La', 'colombe', 'Kitchen Stove (Culinary Tool)', 'Cafe', 'Coffee'], 'categoryId': '26', 'liveBroadcastContent': 'none', 'localized': {'title': 'Espresso Stovetop Gemini Express $25 With Dave', 'description': ""I show my process of making home stovetop espresso that puts all the crema into your cup.  It's not the same as a la Marzocco, but its way cheaper. Just takes some time to get used to making.  I picked up this Gemini at Fante's in Philadelphia for $25. I can make two separate single shots ( not well separated) or one double. It takes a whole to learn butb I've been making some pretty darn good espresso with it. Better than most coffee shops I dare say.  Last note, I'm still getting better at this process so forgive me all my mistakes. -Dave""}}, 'contentDetails': {'duration': 'PT6M13S', 'dimension': '2d', 'definition': 'sd', 'caption': 'false', 'licensedContent': False, 'contentRating': {}, 'projection': 'rectangular'}, 'statistics': {'viewCount': '5108', 'likeCount': '58', 'favoriteCount': '0', 'commentCount': '13'}}], 'pageInfo': {'totalResults': 1, 'resultsPerPage': 1}}","{'kind': 'youtube#searchResult', 'etag': 'ZQzck6mJTxMBUNteVyLfMTLDQ3o', 'id': {'kind': 'youtube#video', 'videoId': 'PAEFiJD4kc8'}, 'snippet': {'publishedAt': '2012-11-30T19:22:50Z', 'channelId': 'UC2IE2CK5Cw_26wVv3hPbAgQ', 'title': 'Espresso Stovetop Gemini Express $25 With Dave', 'description': ""I show my process of making home stovetop espresso that puts all the crema into your cup. It's not the same as a la Marzocco, but ..."", 'thumbnails': {'default': {'url': 'https://i.ytimg.com/vi/PAEFiJD4kc8/default.jpg', 'width': 120, 'height': 90}, 'medium': {'url': 'https://i.ytimg.com/vi/PAEFiJD4kc8/mqdefault.jpg', 'width': 320, 'height': 180}, 'high': {'url': 'https://i.ytimg.com/vi/PAEFiJD4kc8/hqdefault.jpg', 'width': 480, 'height': 360}}, 'channelTitle': 'David Ramsey', 'liveBroadcastContent': 'none', 'publishTime': '2012-11-30T19:22:50Z'}}",Espresso Stovetop Gemini Express $25 With Dave,2012-11-30T19:22:50Z
